f_0000.png	
f_0001.png	阿姨 您找谁
f_0002.png	阿姨 您找谁
f_0003.png	
f_0004.png	找小三
f_0005.png	
f_0006.png	
f_0007.png	
f_0008.png	我找你们这公司
f_0009.png	我找你们这公司
f_0010.png	陈俊生姘头
f_0011.png	陈俊生姘头
f_0012.png	陈俊生的姘头
f_0013.png	
f_0014.png	
f_0015.png	我不知道
f_0016.png	
f_0017.png	你不知道
f_0018.png	你不知道
f_0019.png	
f_0020.png	好呀 那就是你
f_0021.png	好呀 那就是你
f_0022.png	好呀 那就是你
f_0023.png	来你跟我出来
f_0024.png	来你跟我出来
f_0025.png	不是我 阿姨
f_0026.png	你搞错了 啊姨
f_0027.png	你搞错了 阿姨
f_0028.png	那是谁 谁
f_0029.png	那是谁 谁
f_0030.png	那是谁 谁
f_0031.png	那是谁谁
f_0032.png	那是谁 谁
f_0033.png	那是谁 谁
f_0034.png	他们说是凌玲
f_0035.png	他们说是凌玲
f_0036.png	他们说是凌玲
f_0037.png	
f_0038.png	凌玲是吧 好呀
f_0039.png	凌玲是吧 好呀
f_0040.png	凌玲是吧 好呀
f_0041.png	凌玲是吧 好呀
f_0042.png	
f_0043.png	凌玲
f_0044.png	
f_0045.png	阿姨 那个
f_0046.png	我们这里办公
f_0047.png	我们这里办公
f_0048.png	我们这里办公
f_0049.png	你是凌玲是吧
f_0050.png	你是凌玲是吧 | CI
f_0051.png	走走走
f_0052.png	走走走
f_0053.png	我不是我 | Chen>
f_0054.png	你不是凌玲 你是谁 | er
f_0055.png	你不是凌玲 你是谁
f_0056.png	我姓洪
f_0057.png	我姓洪
f_0058.png	好呀 好呀
f_0059.png	
f_0060.png	你就不要管闲事
f_0061.png	你就不要管闲事
f_0062.png	
f_0063.png	谁是凌玲 凌玲
f_0064.png	谁是凌玲 凌玲
f_0065.png	谁是凌玲 凌玲
f_0066.png	谁是凌玲 凌玲
f_0067.png	阿姨
f_0068.png	阿姨
f_0069.png	我们这儿办公地方
f_0070.png	不合适 有事咱出去说
f_0071.png	不合适 有事咱出去说
f_0072.png	不合适 有事咱出去说
f_0073.png	不合适 有事咱出去说
f_0074.png	你是凌玲是吗
f_0075.png	我 我不是凌玲
f_0076.png	我 我不是凌玲
f_0077.png	你不是凌玲管这事
f_0078.png	你不是凌玲管这事
f_0079.png	你要是凌玲跟我走
f_0080.png	你要是凌玲跟我走
f_0081.png	我不是凌玲
f_0082.png	阿姨 你搞错了
f_0083.png	阿姨 你搞错了
f_0084.png	咱咱有事
f_0085.png	咱出去说 好不好
f_0086.png	咱出去说 好不好
f_0087.png	我为什么要出去说
f_0088.png	我为什么要出去说
f_0089.png	你不要再管了
f_0090.png	你不要再管了
f_0091.png	凌玲 阿姨 您别这样
f_0092.png	凌玲 阿姨 您别这样
f_0093.png	凌玲 阿姨 您别这样
f_0094.png	凌玲 这不方便
f_0095.png	凌玲 这不方便
f_0096.png	这不合适
f_0097.png	这不合适
f_0098.png	凌玲是谁啊
f_0099.png	凌玲是谁啊
f_0100.png	
f_0101.png	
f_0102.png	
f_0103.png	
f_0104.png	
f_0105.png	
f_0106.png	
f_0107.png	
f_0108.png	
f_0109.png	
f_0110.png	
f_0111.png	
f_0112.png	
f_0113.png	
f_0114.png	
f_0115.png	
f_0116.png	
f_0117.png	
f_0118.png	
f_0119.png	你是凌玲 | 对吧
f_0120.png	你是凌玲 对吧
f_0121.png	你是凌玲 对吧
f_0122.png	
f_0123.png	没错了
f_0124.png	
f_0125.png	走呀混我出来一趟
f_0126.png	走呀，跟我出来一趟
f_0127.png	走呀 跟我出来一趟
f_0128.png	
f_0129.png	你是谁啊 我报警了
f_0130.png	你是谁啊 我报警了
f_0131.png	
f_0132.png	
f_0133.png	我是谁啊
f_0134.png	
f_0135.png	
f_0136.png	你听好了
f_0137.png	你听好了
f_0138.png	你听好了
f_0139.png	
f_0140.png	我是罗子君齁妈妈
f_0141.png	我是罗子看的妈妈一
f_0142.png	
f_0143.png	陈俊生钓文母娘
f_0144.png	陈俊生前丈母娘
f_0145.png	陈俊生前丈母娘
f_0146.png	
f_0147.png	你报警是吧
f_0148.png	
f_0149.png	好呀 你报吧
f_0150.png	好呀 你报吧
f_0151.png	好呀 你报吧
f_0152.png	我看警察来了
f_0153.png	我看警察来了
f_0154.png	我看警察来了
f_0155.png	怎么处理你这种贱货
f_0156.png	怎么处理你这种贱货
f_0157.png	怎么处理你这种贱货
f_0158.png	怎么处理你这种贱货
f_0159.png	我跟你说就你这种人
f_0160.png	我跟你说就你这种人
f_0161.png	我跟你说就你这种人
f_0162.png	放在旧社会
f_0163.png	放在旧社会
f_0164.png	是要被沉潭
f_0165.png	是要被沉潭
f_0166.png	要被乱棍打死眗呀
f_0167.png	要被乱棍打死的呀
f_0168.png	要被乱棍打死眗呀
f_0169.png	你晓得吧
f_0170.png	你晓得吧
f_0171.png	
f_0172.png	
f_0173.png	
f_0174.png	解决了你呀
f_0175.png	解决了你呀
f_0176.png	
f_0177.png	
f_0178.png	
f_0179.png	我跟你说啊
f_0180.png	我跟你说啊
f_0181.png	
f_0182.png	
f_0183.png	
f_0184.png	你要是不怕我在这儿啊
f_0185.png	你要是不怕我在这儿啊
f_0186.png	你要是不怕我在这儿啊
f_0187.png	把所有难听 话讲完
f_0188.png	把所有难听的话讲完
f_0189.png	把所有难听的话讲完
f_0190.png	把所有难听话讲完
f_0191.png	把所有难听的话讲完
f_0192.png	那我就在这几讲
f_0193.png	那我就在这儿讲
f_0194.png	
f_0195.png	否则你跟我乖乖
f_0196.png	否则你跟我乖乖
f_0197.png	否则你跟我乖乖的
f_0198.png	
f_0199.png	到门口去
f_0200.png	到门口去
f_0201.png	
f_0202.png	
f_0203.png	
f_0204.png	
f_0205.png	走呀 走呀
f_0206.png	走呀 走呀
f_0207.png	走呀 走呀
f_0208.png	
f_0209.png	
f_0210.png	
f_0211.png	
f_0212.png	
f_0213.png	
f_0214.png	
f_0215.png	
f_0216.png	
f_0217.png	出来
f_0218.png	
f_0219.png	
f_0220.png	
f_0221.png	
f_0222.png	
f_0223.png	
f_0224.png	我跟你说我这一辈子
f_0225.png	我跟你说我这一辈子
f_0226.png	我跟你说我这一辈子
f_0227.png	我跟你说我这一辈子
f_0228.png	
f_0229.png	就最恨插足人家家庭
f_0230.png	就最恨插足人家家庭
f_0231.png	就最恨插足人家家庭
f_0232.png	就最恨插足人家家庭
f_0233.png	第三者
f_0234.png	第三者
f_0235.png	
f_0236.png	
f_0237.png	我就听说
f_0238.png	我不认识这个人啊
f_0239.png	我不认识这个人啊
f_0240.png	我不认识这个人啊
f_0241.png	我就要狠狠地骂她
f_0242.png	我就要狠狠地骂她
f_0243.png	我就要狠狠地骂她
f_0244.png	我就诅咒她
f_0245.png	我就诅咒她
f_0246.png	
f_0247.png	何况你啊
f_0248.png	何况你啊
f_0249.png	何况你啊
f_0250.png	欺负到我女儿头上了呀
f_0251.png	欺负到我女儿头上了呀
f_0252.png	欺负到我女儿头上了呀
f_0253.png	欺负到我女儿头上了呀
f_0254.png	欺负到我女儿头上了呀
f_0255.png	
f_0256.png	我再给你最后一次机会
f_0257.png	我再给你最后一次机会
f_0258.png	
f_0259.png	卷包
f_0260.png	卷包
f_0261.png	立刻从陈俊生面前
f_0262.png	立刻从陈俊生面前
f_0263.png	立刻从陈俊生面前
f_0264.png	滚蛋 消失
f_0265.png	滚蛋 消失
f_0266.png	
f_0267.png	否则的话
f_0268.png	老天会劈死你全家
f_0269.png	老天会劈死你全家
f_0270.png	老天会劈死你全家的
f_0271.png	
f_0272.png	
f_0273.png	阿姨 你觉得这种事情
f_0274.png	阿姨 你觉得这种事情
f_0275.png	阿姨 你觉得这种事情
f_0276.png	阿姨 你觉得这种事情
f_0277.png	赌咒发誓有用吗
f_0278.png	赌咒发誓有用吗
f_0279.png	赌咒发誓有用吗
f_0280.png	
f_0281.png	你可以生气 可以骂我
f_0282.png	你可以生气 可以骂我
f_0283.png	你可以生气 可以骂我
f_0284.png	
f_0285.png	但是我告诉你
f_0286.png	
f_0287.png	苍蝇不叮无缝蛋
f_0288.png	苍蠅不叮无缝蛋
f_0289.png	苍蝇不叮无缝蛋
f_0290.png	
f_0291.png	如果这个蛋出了问题
f_0292.png	如果这个蛋出了问题
f_0293.png	打死这只苍蝇有用吗
f_0294.png	打死这只苍蝇有用吗
f_0295.png	打死这只苍蝇有用吗
f_0296.png	
f_0297.png	一个巴掌拍不响
f_0298.png	一个巴掌拍不响
f_0299.png	一个巴掌拍不响
f_0300.png	即便不是我
f_0301.png	即便不是我
f_0302.png	即便不是我
f_0303.png	
f_0304.png	陈俊生和你女儿
f_0305.png	陈俊生和你女儿
f_0306.png	也早就度日如年了
f_0307.png	也早就度日如年了
f_0308.png	
f_0309.png	我 就是度日如年
f_0310.png	我 就是度日如年
f_0311.png	我 就是度日如年
f_0312.png	我就是度日如年
f_0313.png	
f_0314.png	
f_0315.png	我跟你讲
f_0316.png	
f_0317.png	
f_0318.png	那陈俊生一天一天的
f_0319.png	那陈俊生一天一天的
f_0320.png	不是装模作样地度着吗
f_0321.png	不是装模作样地度着吗
f_0322.png	不是装模作样地度着吗
f_0323.png	
f_0324.png	怎么你一出现
f_0325.png	怎么你一出现
f_0326.png	他就沉不住气了呢
f_0327.png	他就沉不住气了呢
f_0328.png	
f_0329.png	
f_0330.png	再说 现在多少夫妻
f_0331.png	再说 现在多少夫妻
f_0332.png	再说 现在多少夫妻
f_0333.png	都度日如年啊
f_0334.png	都度日如年啊
f_0335.png	都度日如年啊
f_0336.png	人家不是也没有离婚吗
f_0337.png	人家不是也没有离婚吗
f_0338.png	人家不是也没有离婚吗
f_0339.png	
f_0340.png	怎么你一出现了
f_0341.png	就 就要离婚了呢
f_0342.png	就 就要离婚了呢
f_0343.png	就 就要离婚了呢
f_0344.png	
f_0345.png	
f_0346.png	我跟你讲啊
f_0347.png	我跟你讲啊
f_0348.png	我跟你讲啊
f_0349.png	
f_0350.png	你要是跟陈俊生玩玩
f_0351.png	你要是跟陈俊生玩玩
f_0352.png	你要是跟陈俊生玩玩
f_0353.png	
f_0354.png	玩过了
f_0355.png	玩过了
f_0356.png	
f_0357.png	再玩就玩坏了 | 晓得吧
f_0358.png	再玩就玩坏了 | 晓得吧'
f_0359.png	再玩就玩坏了 | 晓得吧
f_0360.png	我们俩都有孩子
f_0361.png	我们俩都有孩子
f_0362.png	都有工作
f_0363.png	
f_0364.png	我们己经过了
f_0365.png	随便玩玩年龄了
f_0366.png	随便玩玩年龄了
f_0367.png	随便玩玩的年龄了
f_0368.png	
f_0369.png	这么大事情
f_0370.png	这么大事情
f_0371.png	我们俩玩不起
f_0372.png	我们俩玩不起
f_0373.png	我们俩玩不起
f_0374.png	
f_0375.png	
f_0376.png	
f_0377.png	
f_0378.png	
f_0379.png	玩不起
f_0380.png	玩不起
f_0381.png	
f_0382.png	
f_0383.png	
f_0384.png	你们俩都有事业
f_0385.png	你们俩都有事业
f_0386.png	都有家庭
f_0387.png	都有家庭
f_0388.png	
f_0389.png	你就是说你是认真
f_0390.png	你就是说你是认真
f_0391.png	你就是说你是认真
f_0392.png	你就是说你是认真的
f_0393.png	对吧
f_0394.png	
f_0395.png	
f_0396.png	
f_0397.png	
f_0398.png	
f_0399.png	
f_0400.png	
f_0401.png	你们都听到了吧
f_0402.png	你们都听到了吧
f_0403.png	
f_0404.png	你们都听到
f_0405.png	她讲什么了吧
f_0406.png	她讲什么了吧
f_0407.png	
f_0408.png	你们还敢跟这种人
f_0409.png	你们还敢跟这种人
f_0410.png	做同事吗 还敢吗
f_0411.png	做同事吗 还敢吗
f_0412.png	做同事吗 还敢吗
f_0413.png	做同事吗 还敢吗
f_0414.png	你干什么去
f_0415.png	你干什么去
f_0416.png	
f_0417.png	
f_0418.png	
f_0419.png	
f_0420.png	我要去上班
f_0421.png	我要去上班
f_0422.png	
f_0423.png	你上班
f_0424.png	
f_0425.png	你把别人家庭搞得
f_0426.png	你把别人家庭搞得
f_0427.png	妻离子散 家破人亡
f_0428.png	妻离子散家破人亡
f_0429.png	妻离子散 家破人亡
f_0430.png	妻离子散 家破人亡
f_0431.png	你想上班 没完
f_0432.png	你想上班 没完
f_0433.png	你想上班 没完
f_0434.png	
f_0435.png	这件事情不解决
f_0436.png	坚决没完
f_0437.png	干什么呢 别在这儿闹
f_0438.png	干什么呢 别在这儿闹
f_0439.png	干什么呢 别在这儿闹
f_0440.png	快走 别在这儿闹
f_0441.png	快走 别在这儿闹
f_0442.png	快走 别在这儿闹
f_0443.png	你们拉我干什么呀
f_0444.png	你们拉我干什么呀
f_0445.png	你们拉我干什么呀
f_0446.png	我跟你说 明天我还要来
f_0447.png	我跟你说 | ，明天我还要来
f_0448.png	我跟你说 明天我还要来
f_0449.png	我跟你说 明天我还要来
f_0450.png	
f_0451.png	这件事情没有完
f_0452.png	这件事情没有完
f_0453.png	这件事情没有完
f_0454.png	
f_0455.png	
f_0456.png	
f_0457.png	
f_0458.png	
f_0459.png	
f_0460.png	
f_0461.png	工作工作工作
f_0462.png	走了 走了
f_0463.png	
f_0464.png	
f_0465.png	
f_0466.png	
f_0467.png	走了 走了
f_0468.png	别看了 有什么好看的
f_0469.png	别看了 有什么好看的
f_0470.png	走了 走了
f_0471.png	走了 走了
f_0472.png	
f_0473.png	
f_0474.png	
f_0475.png	走了 走了
f_0476.png	
f_0477.png	上班 上班
f_0478.png	
f_0479.png	回去 回去 回去
